,precision,recall,f1-score,support
Negatif,0.898936170212766,0.949438202247191,0.9234972677595629,178.0
Netral,0.8833333333333333,0.8217054263565892,0.8514056224899599,129.0
Positif,0.9256198347107438,0.9180327868852459,0.9218106995884774,122.0
accuracy,0.9020979020979021,0.9020979020979021,0.9020979020979021,0.9020979020979021
macro avg,0.9026297794189477,0.896392138496342,0.898904529946,429.0
weighted avg,0.9018327695398207,0.9020979020979021,0.9013397303314714,429.0
